Year,Group,Observation status,Unit multiplier,SOURCE_DETAIL,SERIES,Reference area,Age,UNIT_MEASURE,Value
2015,A,,,,,,,,1.0
2015,B,,,,,,,,3.0
2015,,,,,,,,,2.0
2016,A,,,,,,,,1.0
2016,B,,,,,,,,3.0
2016,,,,,,,,,2.0
2015,,Missing value,Units,10.9,Employed population below international poverty line [1.1.1],,15 years old and over,Percent,9.3
2017,,Missing value,Units,10.9,Employed population below international poverty line [1.1.1],,15 years old and over,Percent,10.1
2019,,Missing value,Units,10.9,Employed population below international poverty line [1.1.1],,15 years old and over,Percent,10.9
